{
  "192.168.0.1": {
    "ip": "192.168.0.1",
    "packets": 20,
    "bytes": 1728,
    "upload_bps": 0.0,
    "download_bps": 1468.580707055221,
    "protocols": {
      "raw": "\n===================================================================\nProtocol Hierarchy Statistics\nFilter: \n\nframe                                    frames:20 bytes:1728\n  eth                                    frames:20 bytes:1728\n    ip                                   frames:20 bytes:1728\n      udp                                frames:20 bytes:1728\n        dns                              frames:20 bytes:1728\n===================================================================\n"
    },
    "conversations": [
      "================================================================================\nUDP Conversations\nFilter:<No Filter>\n                                                           |       <-      | |       ->      | |     Total     |    Relative    |   Duration   |\n                                                           | Frames  Bytes | | Frames  Bytes | | Frames  Bytes |      Start     |              |\n192.168.0.102:61566        <-> 192.168.0.1:53                   0 0 bytes         3 207 bytes       3 207 bytes     0.000125000         6.1003\n192.168.0.102:54779        <-> 192.168.0.1:53                   0 0 bytes         3 324 bytes       3 324 bytes     0.530611000         6.0431\n192.168.0.102:65211        <-> 192.168.0.1:53                   0 0 bytes         3 324 bytes       3 324 bytes     0.530815000         6.0430\n192.168.0.102:60462        <-> 192.168.0.1:53                   0 0 bytes         3 243 bytes       3 243 bytes     6.317764000         3.0954\n192.168.0.102:62189        <-> 192.168.0.1:53                   0 0 bytes         2 156 bytes       2 156 bytes     1.695009000         4.1238\n192.168.0.102:50315        <-> 192.168.0.1:53                   0 0 bytes         1 86 bytes        1 86 bytes      0.000000000         0.0000\n192.168.0.102:53571        <-> 192.168.0.1:53                   0 0 bytes         1 78 bytes        1 78 bytes      5.522049000         0.0000\n192.168.0.102:60231        <-> 192.168.0.1:53                   0 0 bytes         1 81 bytes        1 81 bytes      6.317955000         0.0000\n192.168.0.102:55197        <-> 192.168.0.1:53                   0 0 bytes         1 81 bytes        1 81 bytes      7.100486000         0.0000\n192.168.0.102:49824        <-> 192.168.0.1:53                   0 0 bytes         1 74 bytes        1 74 bytes      9.100526000         0.0000\n192.168.0.102:51018        <-> 192.168.0.1:53                   0 0 bytes         1 74 bytes        1 74 bytes      9.100659000         0.0000\n================================================================================\n================================================================================\nTCP Conversations\nFilter:<No Filter>\n                                                           |       <-      | |       ->      | |     Total     |    Relative    |   Duration   |\n                                                           | Frames  Bytes | | Frames  Bytes | | Frames  Bytes |      Start     |              |\n================================================================================\n"
    ],
    "http_requests": [],
    "tls_sni": []
  },
  "192.168.0.101": {
    "ip": "192.168.0.101",
    "packets": 0,
    "bytes": 0,
    "upload_bps": 0,
    "download_bps": 0,
    "protocols": {},
    "conversations": [],
    "http_requests": [],
    "tls_sni": []
  },
  "192.168.0.100": {
    "ip": "192.168.0.100",
    "packets": 0,
    "bytes": 0,
    "upload_bps": 0,
    "download_bps": 0,
    "protocols": {},
    "conversations": [],
    "http_requests": [],
    "tls_sni": []
  },
  "192.168.0.105": {
    "ip": "192.168.0.105",
    "packets": 0,
    "bytes": 0,
    "upload_bps": 0,
    "download_bps": 0,
    "protocols": {},
    "conversations": [],
    "http_requests": [],
    "tls_sni": []
  },
  "192.168.0.104": {
    "ip": "192.168.0.104",
    "packets": 0,
    "bytes": 0,
    "upload_bps": 0,
    "download_bps": 0,
    "protocols": {},
    "conversations": [],
    "http_requests": [],
    "tls_sni": []
  },
  "192.168.0.0": {
    "ip": "192.168.0.0",
    "packets": 0,
    "bytes": 0,
    "upload_bps": 0,
    "download_bps": 0,
    "protocols": {},
    "conversations": [],
    "http_requests": [],
    "tls_sni": []
  }
}