{
  "192.168.0.1": {
    "ip": "192.168.0.1",
    "packets": 11,
    "bytes": 848,
    "upload_bps": 62.49811552559188,
    "download_bps": 997.4699237884464,
    "protocols": {
      "raw": "\n===================================================================\nProtocol Hierarchy Statistics\nFilter: \n\nframe                                    frames:11 bytes:848\n  eth                                    frames:11 bytes:848\n    ip                                   frames:11 bytes:848\n      udp                                frames:10 bytes:798\n        dns                              frames:10 bytes:798\n      igmp                               frames:1 bytes:50\n===================================================================\n"
    },
    "conversations": [
      "================================================================================\nUDP Conversations\nFilter:<No Filter>\n                                                           |       <-      | |       ->      | |     Total     |    Relative    |   Duration   |\n                                                           | Frames  Bytes | | Frames  Bytes | | Frames  Bytes |      Start     |              |\n192.168.0.101:56815        <-> 192.168.0.1:53                   0 0 bytes         3 255 bytes       3 255 bytes     3.309870000         3.0903\n192.168.0.101:60053        <-> 192.168.0.1:53                   0 0 bytes         1 81 bytes        1 81 bytes      0.000000000         0.0000\n192.168.0.101:61334        <-> 192.168.0.1:53                   0 0 bytes         1 75 bytes        1 75 bytes      1.659667000         0.0000\n192.168.0.101:57707        <-> 192.168.0.1:53                   0 0 bytes         1 75 bytes        1 75 bytes      1.660266000         0.0000\n192.168.0.101:55441        <-> 192.168.0.1:53                   0 0 bytes         1 78 bytes        1 78 bytes      1.660470000         0.0000\n192.168.0.101:52983        <-> 192.168.0.1:53                   0 0 bytes         1 78 bytes        1 78 bytes      1.660592000         0.0000\n192.168.0.101:58352        <-> 192.168.0.1:53                   0 0 bytes         1 78 bytes        1 78 bytes      3.695912000         0.0000\n192.168.0.101:56237        <-> 192.168.0.1:53                   0 0 bytes         1 78 bytes        1 78 bytes      5.698641000         0.0000\n================================================================================\n================================================================================\nTCP Conversations\nFilter:<No Filter>\n                                                           |       <-      | |       ->      | |     Total     |    Relative    |   Duration   |\n                                                           | Frames  Bytes | | Frames  Bytes | | Frames  Bytes |      Start     |              |\n================================================================================\n"
    ],
    "http_requests": [],
    "tls_sni": []
  },
  "192.168.0.102": {
    "ip": "192.168.0.102",
    "packets": 0,
    "bytes": 0,
    "upload_bps": 0,
    "download_bps": 0,
    "protocols": {},
    "conversations": [],
    "http_requests": [],
    "tls_sni": []
  },
  "192.168.0.107": {
    "ip": "192.168.0.107",
    "packets": 0,
    "bytes": 0,
    "upload_bps": 0,
    "download_bps": 0,
    "protocols": {},
    "conversations": [],
    "http_requests": [],
    "tls_sni": []
  },
  "192.168.0.105": {
    "ip": "192.168.0.105",
    "packets": 0,
    "bytes": 0,
    "upload_bps": 0,
    "download_bps": 0,
    "protocols": {},
    "conversations": [],
    "http_requests": [],
    "tls_sni": []
  },
  "192.168.0.100": {
    "ip": "192.168.0.100",
    "packets": 0,
    "bytes": 0,
    "upload_bps": 0,
    "download_bps": 0,
    "protocols": {},
    "conversations": [],
    "http_requests": [],
    "tls_sni": []
  },
  "192.168.0.101": {
    "ip": "192.168.0.101",
    "packets": 10,
    "bytes": 798,
    "upload_bps": 997.4699237884464,
    "download_bps": 0.0,
    "protocols": {
      "raw": "\n===================================================================\nProtocol Hierarchy Statistics\nFilter: \n\nframe                                    frames:10 bytes:798\n  eth                                    frames:10 bytes:798\n    ip                                   frames:10 bytes:798\n      udp                                frames:10 bytes:798\n        dns                              frames:10 bytes:798\n===================================================================\n"
    },
    "conversations": [
      "================================================================================\nUDP Conversations\nFilter:<No Filter>\n                                                           |       <-      | |       ->      | |     Total     |    Relative    |   Duration   |\n                                                           | Frames  Bytes | | Frames  Bytes | | Frames  Bytes |      Start     |              |\n192.168.0.101:56815        <-> 192.168.0.1:53                   0 0 bytes         3 255 bytes       3 255 bytes     3.309870000         3.0903\n192.168.0.101:60053        <-> 192.168.0.1:53                   0 0 bytes         1 81 bytes        1 81 bytes      0.000000000         0.0000\n192.168.0.101:61334        <-> 192.168.0.1:53                   0 0 bytes         1 75 bytes        1 75 bytes      1.659667000         0.0000\n192.168.0.101:57707        <-> 192.168.0.1:53                   0 0 bytes         1 75 bytes        1 75 bytes      1.660266000         0.0000\n192.168.0.101:55441        <-> 192.168.0.1:53                   0 0 bytes         1 78 bytes        1 78 bytes      1.660470000         0.0000\n192.168.0.101:52983        <-> 192.168.0.1:53                   0 0 bytes         1 78 bytes        1 78 bytes      1.660592000         0.0000\n192.168.0.101:58352        <-> 192.168.0.1:53                   0 0 bytes         1 78 bytes        1 78 bytes      3.695912000         0.0000\n192.168.0.101:56237        <-> 192.168.0.1:53                   0 0 bytes         1 78 bytes        1 78 bytes      5.698641000         0.0000\n================================================================================\n================================================================================\nTCP Conversations\nFilter:<No Filter>\n                                                           |       <-      | |       ->      | |     Total     |    Relative    |   Duration   |\n                                                           | Frames  Bytes | | Frames  Bytes | | Frames  Bytes |      Start     |              |\n================================================================================\n"
    ],
    "http_requests": [],
    "tls_sni": []
  },
  "192.168.0.104": {
    "ip": "192.168.0.104",
    "packets": 0,
    "bytes": 0,
    "upload_bps": 0,
    "download_bps": 0,
    "protocols": {},
    "conversations": [],
    "http_requests": [],
    "tls_sni": []
  },
  "192.168.0.0": {
    "ip": "192.168.0.0",
    "packets": 0,
    "bytes": 0,
    "upload_bps": 0,
    "download_bps": 0,
    "protocols": {},
    "conversations": [],
    "http_requests": [],
    "tls_sni": []
  }
}